request_id,request_date,department,requester_role,item_category,item_description,vendor_name,amount_cad,budget_code,budget_code_valid,approval_level,current_status,manager_approval_date,finance_review_date,po_created_date,received_date,cycle_time_days,exception_reason,priority,delivery_status,payment_status
PR-2026-0001,2026-01-01,Safety,Safety Coordinator,Office/Admin,Document scanner replacement,Lighthouse Procurement Services,2534.66,SAFE-RESP-330,TRUE,Department Manager + Finance,PO Created,2026-01-05,2026-01-06,2026-01-09,,8,No Exception,Low,Ordered,Not Invoiced
PR-2026-0002,2026-01-02,Safety,Safety Coordinator,Safety Equipment,Fall arrest lanyard set,Northline Shield Gear,171.72,SAFE-RESP-330,TRUE,Department Manager,Closed,2026-01-04,,2026-01-08,2026-01-24,22,No Exception,Medium,Received,Payment Pending
PR-2026-0003,2026-01-03,Logistics,Procurement Assistant,Parts,Deck crane seal pack,BlueKeel Marine Parts,5173.69,LOG-FUEL-410,TRUE,Department Manager + Finance,Received,2026-01-05,2026-01-07,2026-01-10,2026-01-21,18,No Exception,Medium,Received,Payment Pending
PR-2026-0004,2026-01-04,Safety,Safety Coordinator,Vendor Service,Dockside equipment inspection service,Lighthouse Procurement Services,15056.96,SAFE-EQ-320,TRUE,Department Manager + Finance + Executive Sponsor,Closed,2026-01-07,2026-01-11,2026-01-13,2026-01-19,15,Amount Over Threshold,High,Received,Matched
PR-2026-0005,2026-01-05,Maintenance,Procurement Assistant,Safety Equipment,Emergency spill response supplies,Tidewatch Safety Systems,10376.78,MAINT-SVC-230,TRUE,Department Manager + Finance + Executive Sponsor,Closed,2026-01-09,2026-01-12,2026-01-14,2026-01-29,24,No Exception,Medium,Received,Paid
PR-2026-0006,2026-01-06,Maintenance,Operations Supervisor,Fuel/Operations Supply,Portable generator fuel cans,NorthPier Dockworks,13630.71,MAINT-SVC-230,TRUE,Department Manager + Finance + Executive Sponsor,Closed,2026-01-10,2026-01-14,2026-01-17,2026-01-21,15,Amount Over Threshold,Medium,Received,Matched
PR-2026-0007,2026-01-07,Maintenance,Procurement Assistant,Safety Equipment,Emergency spill response supplies,Northline Shield Gear,719.99,MAINT-REP-210,TRUE,Department Manager,Received,2026-01-10,,2026-01-15,2026-01-30,23,No Exception,Low,Received,Payment Pending
PR-2026-0008,2026-01-08,IT,Procurement Assistant,IT Equipment,Wireless access point for maintenance shop,Lighthouse Procurement Services,12297.80,IT-EQ-610,TRUE,Department Manager + Finance + Executive Sponsor,Received,2026-01-12,2026-01-15,2026-01-17,2026-01-31,23,No Exception,Medium,Received,Payment Pending
PR-2026-0009,2026-01-09,Logistics,Procurement Assistant,Vendor Service,After hours service call coverage,NorthPier Dockworks,4169.29,LOG-FRT-420,TRUE,Department Manager + Finance,Closed,2026-01-10,2026-01-11,2026-01-15,2026-01-23,14,No Exception,Medium,Received,Payment Pending
PR-2026-0010,2026-01-10,IT,IT Support Analyst,Office/Admin,Printer toner and paper restock,AdminCove Business Services,43547.09,IT-SUP-620,TRUE,Capital/Special Review,PO Created,2026-01-14,2026-01-17,2026-01-21,,11,Delayed Vendor Response,Medium,Delayed,Invoice Received
PR-2026-0011,2026-01-11,Maintenance,Operations Supervisor,Parts,Engine room gasket set,Bayspan Hydraulics,5524.09,MAINT-PART-220,TRUE,Department Manager + Finance,Closed,2026-01-13,2026-01-14,2026-01-16,2026-02-03,23,No Exception,Low,Received,Matched
PR-2026-0012,2026-01-12,Maintenance,Procurement Assistant,Safety Equipment,Cold weather grip cleats,Tidewatch Safety Systems,438.51,MAINT-PART-220,TRUE,Department Manager,Received,2026-01-14,,2026-01-18,2026-01-22,10,No Exception,Medium,Received,Matched
PR-2026-0013,2026-01-13,Administration,Procurement Assistant,Office/Admin,Finance review filing supplies,Avalon Quay Office Supply,664.19,ADMIN-OFF-500,TRUE,Department Manager,Closed,2026-01-14,,2026-01-18,2026-02-04,22,No Exception,Low,Received,Matched
PR-2026-0014,2026-01-14,Administration,Administrative Coordinator,Office/Admin,Operations office stationery order,AdminCove Business Services,601.92,ADMIN-SVC-520,TRUE,Department Manager,Closed,2026-01-16,,2026-01-19,2026-02-06,23,No Exception,Low,Received,Matched
PR-2026-0015,2026-01-15,Vessel Operations,Procurement Assistant,Parts,Fuel line fitting kit,FogBank Industrial Supply,365.24,VO-SAFE-130,TRUE,Department Manager,Closed,2026-01-16,,2026-01-18,2026-02-02,18,No Exception,Low,Received,Paid
PR-2026-0016,2026-01-16,Safety,Operations Supervisor,Safety Equipment,Winter PPE restock,RedMoor Operations Supply,9410.08,SAFE-PPE-300,TRUE,Department Manager + Finance,Closed,2026-01-17,2026-01-19,2026-01-21,2026-01-29,13,No Exception,Low,Received,Paid
PR-2026-0017,2026-01-17,Vessel Operations,Vessel Operations Coordinator,Fuel/Operations Supply,Operations lubricant restock,NorthPier Dockworks,1878.13,VO-SAFE-130,TRUE,Department Manager + Finance,Rejected,,,,,3,Duplicate Request,Medium,Cancelled,On Hold
PR-2026-0018,2026-01-18,Maintenance,Procurement Assistant,Fuel/Operations Supply,Operations lubricant restock,FogBank Industrial Supply,7811.24,MAINT-REP-210,TRUE,Department Manager + Finance,Pending Procurement Review,2026-01-22,2026-01-25,,,7,Missing Quote,High,Not Ordered,On Hold
PR-2026-0019,2026-01-19,Safety,Safety Coordinator,Safety Equipment,Marine first aid cabinet refill,Northline Shield Gear,131.65,SAFE-RESP-330,TRUE,Department Manager,Closed,2026-01-20,,2026-01-22,2026-02-02,14,No Exception,Low,Received,Matched
PR-2026-0020,2026-01-20,Maintenance,Operations Supervisor,Safety Equipment,Confined space gas monitor calibration,Tidewatch Safety Systems,869.85,MAINT-SVC-230,TRUE,Department Manager,On Hold,2026-01-24,,,,4,Missing Quote,Medium,Not Ordered,On Hold
PR-2026-0021,2026-01-21,Maintenance,Operations Supervisor,Parts,Saltwater pump impeller set,RedMoor Operations Supply,3777.01,MAINT-REP-210,TRUE,Department Manager + Finance,Received,2026-01-24,2026-01-27,2026-01-29,2026-02-07,17,No Exception,Medium,Received,Payment Pending
PR-2026-0022,2026-01-22,Maintenance,Operations Supervisor,Parts,Fuel line fitting kit,RedMoor Operations Supply,9299.56,MAINT-REP-210,TRUE,Department Manager + Finance,Closed,2026-01-24,2026-01-28,2026-01-30,2026-02-13,22,No Exception,Medium,Received,Matched
PR-2026-0023,2026-01-23,Administration,Administrative Coordinator,Vendor Service,Preferred vendor rate review,Lighthouse Procurement Services,560.14,ADMIN-OFF-500,TRUE,Department Manager,Closed,2026-01-26,,2026-01-30,2026-02-16,24,No Exception,Low,Received,Payment Pending
PR-2026-0024,2026-01-24,Maintenance,Operations Supervisor,Parts,Fuel line fitting kit,RedMoor Operations Supply,5935.90,MAINT-SVC-230,TRUE,Department Manager + Finance,Closed,2026-01-25,2026-01-26,2026-01-31,2026-02-04,11,No Exception,Low,Received,Paid
PR-2026-0025,2026-01-25,Logistics,Logistics Coordinator,Vendor Service,Quote validation support service,Cabotline Maintenance,8911.73,LOG-FRT-420,TRUE,Department Manager + Finance,Closed,2026-01-29,2026-02-01,2026-02-06,2026-02-18,24,No Exception,Medium,Received,Matched
PR-2026-0026,2026-01-26,Logistics,Procurement Assistant,Fuel/Operations Supply,Portable generator fuel cans,EastCove Fuel Services,811.15,LOG-FUEL-410,TRUE,Department Manager,Closed,2026-01-28,,2026-02-02,2026-02-08,13,No Exception,Medium,Received,Payment Pending
PR-2026-0027,2026-01-27,Maintenance,Operations Supervisor,Vendor Service,Quote validation support service,Quaymark Repair Services,3386.58,MAINT-REP-210,TRUE,Department Manager + Finance,Partially Received,2026-01-31,2026-02-04,2026-02-06,2026-02-17,21,No Exception,Medium,Partially Received,Invoice Received
PR-2026-0028,2026-01-28,Safety,Operations Supervisor,Safety Equipment,Emergency eyewash station supplies,Northline Shield Gear,1991.44,SAFE-RESP-330,TRUE,Department Manager + Finance,Closed,2026-01-29,2026-02-02,2026-02-03,2026-02-09,12,No Exception,High,Received,Payment Pending
PR-2026-0029,2026-01-29,Maintenance,Maintenance Lead,Repair Service,Hydraulic lift inspection service,Cabotline Maintenance,3211.69,,FALSE,Department Manager + Finance,Rejected,,,,,3,Missing Budget Code,Medium,Cancelled,On Hold
PR-2026-0030,2026-01-30,Administration,Administrative Coordinator,Office/Admin,Whiteboard supplies for rollout room,AdminCove Business Services,7964.38,ADMIN-SVC-520,TRUE,Department Manager + Finance,PO Created,2026-02-03,2026-02-07,2026-02-11,,12,Delayed Vendor Response,Medium,Delayed,Not Invoiced
PR-2026-0031,2026-01-31,IT,IT Support Analyst,Office/Admin,Finance review filing supplies,Avalon Quay Office Supply,12087.29,IT-EQ-610,TRUE,Department Manager + Finance + Executive Sponsor,Closed,2026-02-03,2026-02-06,2026-02-08,2026-02-16,16,Amount Over Threshold,High,Received,Matched
PR-2026-0032,2026-02-01,IT,IT Support Analyst,Vendor Service,Dockside equipment inspection service,Dockspan Equipment Services,2071.33,IT-EQ-610,TRUE,Department Manager + Finance,Closed,2026-02-05,2026-02-06,2026-02-10,2026-02-17,16,No Exception,Medium,Received,Paid
PR-2026-0033,2026-02-02,Maintenance,Maintenance Lead,Vendor Service,Marine waste pickup service,NorthPier Dockworks,456.57,MAINT-PART-220,TRUE,Department Manager,Pending Procurement Review,2026-02-06,,,,4,Missing Quote,High,Not Ordered,On Hold
PR-2026-0034,2026-02-03,Logistics,Logistics Coordinator,Parts,Bilge pump replacement parts,RedMoor Operations Supply,3611.68,LOG-FUEL-410,TRUE,Department Manager + Finance,Approved,2026-02-07,2026-02-11,,,8,No Exception,Low,Not Ordered,Not Invoiced
PR-2026-0035,2026-02-04,Administration,Administrative Coordinator,Vendor Service,Vendor setup review support,NorthPier Dockworks,10671.32,ADMIN-OFF-500,TRUE,Department Manager + Finance + Executive Sponsor,Closed,2026-02-07,2026-02-08,2026-02-11,2026-02-15,11,Amount Over Threshold,High,Received,Payment Pending
PR-2026-0036,2026-02-05,Vessel Operations,Vessel Operations Coordinator,Fuel/Operations Supply,Operations lubricant restock,NorthPier Dockworks,1842.65,VO-SAFE-130,TRUE,Department Manager + Finance,Rejected,,,,,6,Duplicate Request,Medium,Cancelled,On Hold
PR-2026-0037,2026-02-06,Maintenance,Operations Supervisor,Repair Service,Crane control panel repair,Dockspan Equipment Services,15264.07,MAINT-REP-210,TRUE,Department Manager + Finance + Executive Sponsor,Closed,2026-02-10,2026-02-12,2026-02-16,2026-02-24,18,Amount Over Threshold,High,Received,Payment Pending
PR-2026-0038,2026-02-07,Finance,Finance Analyst,Vendor Service,Temporary labour support for receiving,Cabotline Maintenance,3166.63,FIN-OPS-700,TRUE,Department Manager + Finance,Received,2026-02-10,2026-02-13,2026-02-18,2026-02-28,21,No Exception,Low,Received,Payment Pending
PR-2026-0039,2026-02-08,Administration,Administrative Coordinator,Office/Admin,Pilot training room supplies,Avalon Quay Office Supply,3310.62,ADMIN-SVC-520,TRUE,Department Manager + Finance,Received,2026-02-10,2026-02-11,2026-02-14,2026-02-28,20,No Exception,Medium,Received,Matched
PR-2026-0040,2026-02-09,Vessel Operations,Operations Supervisor,Repair Service,Dock door repair service,Quaymark Repair Services,46976.44,VO-OPS-100,TRUE,Emergency Safety Exception,Closed,2026-02-10,2026-02-12,2026-02-16,2026-03-03,22,Urgent Safety Purchase,Emergency,Received,Payment Pending
PR-2026-0041,2026-02-10,Maintenance,Procurement Assistant,Parts,Engine room gasket set,BlueKeel Marine Parts,848.32,MAINT-SVC-230,TRUE,Department Manager,PO Created,2026-02-13,,2026-02-18,,8,No Exception,High,Ordered,Not Invoiced
PR-2026-0042,2026-02-11,Logistics,Logistics Coordinator,Fuel/Operations Supply,Fuel transfer pump service,EastCove Fuel Services,7910.06,LOG-FUEL-410,TRUE,Department Manager + Finance,Received,2026-02-13,2026-02-14,2026-02-19,2026-03-09,26,No Exception,Low,Received,Payment Pending
PR-2026-0043,2026-02-12,Maintenance,Operations Supervisor,Parts,Stern light mounting brackets,Bayspan Hydraulics,810.34,MAINT-PART-220,TRUE,Department Manager,Closed,2026-02-15,,2026-02-17,2026-03-02,18,No Exception,Low,Received,Paid
PR-2026-0044,2026-02-13,Administration,Administrative Coordinator,Office/Admin,Desk chairs for shared operations office,Avalon Quay Office Supply,355.54,VO-MISC-999,FALSE,Department Manager,On Hold,,,,,9,Missing Budget Code,Medium,Not Ordered,On Hold
PR-2026-0045,2026-02-14,IT,Procurement Assistant,Vendor Service,Pilot workflow training support,NorthPier Dockworks,4037.38,IT-SUP-620,TRUE,Department Manager + Finance,Received,2026-02-15,2026-02-18,2026-02-20,2026-03-01,15,No Exception,Low,Received,Invoice Received
PR-2026-0046,2026-02-15,Finance,Finance Analyst,IT Equipment,Wireless access point for maintenance shop,SignalHarbour IT Solutions,16520.05,FIN-AUD-710,TRUE,Department Manager + Finance + Executive Sponsor,Closed,2026-02-17,2026-02-21,2026-02-23,2026-03-07,20,Amount Over Threshold,Medium,Received,Payment Pending
PR-2026-0047,2026-02-16,Maintenance,Operations Supervisor,Repair Service,Crane control panel repair,NorthPier Dockworks,6994.31,MAINT-SVC-230,TRUE,Department Manager + Finance,Received,2026-02-19,2026-02-21,2026-02-24,2026-03-10,22,No Exception,Low,Received,Matched
PR-2026-0048,2026-02-17,IT,IT Support Analyst,IT Equipment,UAT laptop loaner kit,SignalCove Electronics,9315.90,IT-EQ-610,TRUE,Department Manager + Finance,Closed,2026-02-19,2026-02-23,2026-02-26,2026-03-15,26,No Exception,Low,Received,Paid
PR-2026-0049,2026-02-18,Administration,Administrative Coordinator,Vendor Service,Preferred vendor rate review,Cabotline Maintenance,7751.98,ADMIN-SVC-520,TRUE,Department Manager + Finance,PO Created,2026-02-22,2026-02-26,2026-03-02,,12,No Exception,Low,Ordered,Not Invoiced
PR-2026-0050,2026-02-19,IT,IT Support Analyst,Vendor Service,Preferred vendor rate review,Dockspan Equipment Services,5608.06,IT-SUP-620,TRUE,Department Manager + Finance,PO Created,2026-02-20,2026-02-22,2026-02-27,,8,No Exception,Low,Ordered,Not Invoiced
PR-2026-0051,2026-02-20,Vessel Operations,Operations Supervisor,Safety Equipment,Emergency eyewash station supplies,Tidewatch Safety Systems,7001.33,VO-SAFE-130,TRUE,Department Manager + Finance,Closed,2026-02-22,2026-02-25,2026-03-02,2026-03-13,21,No Exception,Medium,Received,Matched
PR-2026-0052,2026-02-21,Maintenance,Operations Supervisor,Parts,Engine room gasket set,RedMoor Operations Supply,479.57,MAINT-SVC-230,TRUE,Department Manager,Closed,2026-02-25,,2026-02-28,2026-03-04,11,No Exception,Low,Received,Matched
PR-2026-0053,2026-02-22,Logistics,Procurement Assistant,Fuel/Operations Supply,Bulk absorbent pads for dock operations,NorthPier Dockworks,8936.64,LOG-DCK-430,TRUE,Department Manager + Finance,Received,2026-02-24,2026-02-28,2026-03-04,2026-03-11,17,No Exception,High,Received,Payment Pending
PR-2026-0054,2026-02-23,Finance,Procurement Assistant,Office/Admin,Binders for UAT training packets,AdminCove Business Services,2347.03,FIN-AUD-710,TRUE,Department Manager + Finance,Partially Received,2026-02-27,2026-03-02,2026-03-03,2026-03-07,12,Delayed Vendor Response,High,Delayed,Payment Pending
PR-2026-0055,2026-02-24,Maintenance,Procurement Assistant,Safety Equipment,Fire extinguisher inspection tags,RedMoor Operations Supply,574.09,MAINT-PART-220,TRUE,Department Manager,Approved,2026-02-27,,,,3,No Exception,Medium,Not Ordered,Not Invoiced
PR-2026-0056,2026-02-25,Maintenance,Procurement Assistant,Repair Service,Deck winch diagnostic service,Lighthouse Procurement Services,631.79,MAINT-SVC-230,TRUE,Department Manager,Rejected,,,,,1,Invalid Vendor,Medium,Cancelled,On Hold
PR-2026-0057,2026-02-26,Maintenance,Maintenance Lead,Repair Service,Vendor repair service for loading equipment,NorthPier Dockworks,379.07,MAINT-REP-210,TRUE,Department Manager,Closed,2026-02-28,,2026-03-03,2026-03-06,8,No Exception,Medium,Received,Payment Pending
PR-2026-0058,2026-02-27,Vessel Operations,Procurement Assistant,Repair Service,Vendor repair service for loading equipment,Cabotline Maintenance,808.47,VO-OPS-100,TRUE,Department Manager,Closed,2026-03-03,,2026-03-04,2026-03-22,23,No Exception,Medium,Received,Matched
PR-2026-0059,2026-02-28,Logistics,Operations Supervisor,Repair Service,Bilge alarm troubleshooting service,Quaymark Repair Services,458.68,LOG-FUEL-410,TRUE,Department Manager,Closed,2026-03-02,,2026-03-04,2026-03-07,7,No Exception,Low,Received,Payment Pending
PR-2026-0060,2026-03-01,Logistics,Logistics Coordinator,Parts,Bilge pump replacement parts,BlueKeel Marine Parts,618.08,LOG-FRT-420,TRUE,Department Manager,Closed,2026-03-03,,2026-03-06,2026-03-23,22,No Exception,Medium,Received,Paid
PR-2026-0061,2026-03-02,Maintenance,Procurement Assistant,Parts,Hydraulic hose replacement kit,Lighthouse Procurement Services,6964.54,MAINT-SVC-230,TRUE,Department Manager + Finance,Rejected,,,,,4,Invalid Vendor,Medium,Cancelled,On Hold
PR-2026-0062,2026-03-03,Logistics,Operations Supervisor,Parts,Stern light mounting brackets,RedMoor Operations Supply,570.40,LOG-FUEL-410,TRUE,Department Manager,Received,2026-03-04,,2026-03-05,2026-03-15,12,No Exception,Low,Received,Invoice Received
PR-2026-0063,2026-03-04,Vessel Operations,Operations Supervisor,Fuel/Operations Supply,Winter deicing supply order,FogBank Industrial Supply,5616.47,VO-OPS-100,TRUE,Department Manager + Finance,Partially Received,2026-03-05,2026-03-06,2026-03-08,,4,No Exception,Low,Partially Received,Invoice Received
PR-2026-0064,2026-03-05,Safety,Safety Coordinator,Safety Equipment,Cold weather grip cleats,FogBank Industrial Supply,904.99,SAFE-RESP-330,TRUE,Department Manager,Received,2026-03-06,,2026-03-09,2026-03-25,20,No Exception,Medium,Received,Invoice Received
PR-2026-0065,2026-03-06,IT,IT Support Analyst,IT Equipment,Label printer for receiving station,SignalHarbour IT Solutions,26620.80,IT-EQ-610,TRUE,Capital/Special Review,Closed,2026-03-09,2026-03-10,2026-03-15,2026-03-25,19,No Exception,Medium,Received,Payment Pending
PR-2026-0066,2026-03-07,Safety,Safety Coordinator,Safety Equipment,Fall arrest lanyard set,FogBank Industrial Supply,4329.34,SAFE-PPE-300,TRUE,Emergency Safety Exception,Closed,2026-03-09,2026-03-11,2026-03-16,2026-03-21,14,Urgent Safety Purchase,Emergency,Received,Matched
PR-2026-0067,2026-03-08,IT,Procurement Assistant,Vendor Service,Dockside equipment inspection service,Lighthouse Procurement Services,5183.36,IT-EQ-610,TRUE,Department Manager + Finance,Received,2026-03-09,2026-03-10,2026-03-14,2026-03-16,8,No Exception,High,Received,Invoice Received
PR-2026-0068,2026-03-09,Safety,Operations Supervisor,Vendor Service,Temporary labour support for receiving,Dockspan Equipment Services,190.85,SAFE-EQ-320,TRUE,Department Manager,PO Created,2026-03-13,,2026-03-18,,9,No Exception,High,Ordered,Not Invoiced
PR-2026-0069,2026-03-10,IT,Procurement Assistant,Vendor Service,Dockside equipment inspection service,Dockspan Equipment Services,933.19,IT-EQ-610,TRUE,Department Manager,Received,2026-03-14,,2026-03-17,2026-04-04,25,No Exception,Low,Received,Invoice Received
PR-2026-0070,2026-03-11,Safety,Safety Coordinator,Vendor Service,Dockside equipment inspection service,Cabotline Maintenance,1659.89,SAFE-PPE-300,TRUE,Department Manager + Finance,Received,2026-03-13,2026-03-16,2026-03-21,2026-04-07,27,No Exception,Medium,Received,Matched
PR-2026-0071,2026-03-12,Maintenance,Maintenance Lead,Fuel/Operations Supply,Operations lubricant restock,RedMoor Operations Supply,7169.00,MAINT-PART-220,TRUE,Department Manager + Finance,PO Created,2026-03-15,2026-03-17,2026-03-21,,9,No Exception,Low,Ordered,Not Invoiced
PR-2026-0072,2026-03-13,Vessel Operations,Procurement Assistant,Repair Service,Vendor repair service for loading equipment,Cabotline Maintenance,3837.75,VO-MAINT-120,TRUE,Department Manager + Finance,Closed,2026-03-17,2026-03-20,2026-03-25,2026-03-29,16,No Exception,Medium,Received,Paid
PR-2026-0073,2026-03-14,IT,IT Support Analyst,Office/Admin,Printer toner and paper restock,Lighthouse Procurement Services,364.95,IT-EQ-610,TRUE,Department Manager,Pending Procurement Review,2026-03-16,,,,2,Missing Quote,High,Not Ordered,On Hold
PR-2026-0074,2026-03-15,Maintenance,Procurement Assistant,Repair Service,Ramp surface repair service,Cabotline Maintenance,3531.48,MAINT-REP-210,TRUE,Department Manager + Finance,Rejected,,,,,4,Missing Quote,Medium,Cancelled,On Hold
PR-2026-0075,2026-03-16,Maintenance,Procurement Assistant,Parts,Winch control switch assembly,RedMoor Operations Supply,944.11,MAINT-REP-210,TRUE,Department Manager,Partially Received,2026-03-18,,2026-03-20,2026-03-31,15,No Exception,Medium,Partially Received,On Hold
PR-2026-0076,2026-03-17,Maintenance,Procurement Assistant,Repair Service,Dock door repair service,Quaymark Repair Services,610.85,MAINT-SVC-230,TRUE,Department Manager,Closed,2026-03-21,,2026-03-22,2026-03-31,14,No Exception,Low,Received,Paid
PR-2026-0077,2026-03-18,Maintenance,Maintenance Lead,Safety Equipment,Marine first aid cabinet refill,FogBank Industrial Supply,180.95,,FALSE,Department Manager,Rejected,,,,,4,Missing Budget Code,Medium,Cancelled,On Hold
PR-2026-0078,2026-03-19,Vessel Operations,Vessel Operations Coordinator,Repair Service,Emergency repair for vessel generator,Cabotline Maintenance,885.40,VO-OPS-100,TRUE,Department Manager,Pending Procurement Review,2026-03-22,,,,3,No Exception,Low,Not Ordered,Not Invoiced
PR-2026-0079,2026-03-20,Vessel Operations,Procurement Assistant,Parts,Deck crane seal pack,RedMoor Operations Supply,662.43,VO-MAINT-120,TRUE,Department Manager,Partially Received,2026-03-21,,2026-03-22,2026-03-24,4,No Exception,Medium,Partially Received,On Hold
PR-2026-0080,2026-03-21,Maintenance,Operations Supervisor,Vendor Service,Dockside equipment inspection service,Quaymark Repair Services,6492.78,MAINT-SVC-230,TRUE,Department Manager + Finance,On Hold,2026-03-22,,,,1,No Exception,Low,Not Ordered,On Hold
PR-2026-0081,2026-03-22,IT,IT Support Analyst,Vendor Service,Marine waste pickup service,Dockspan Equipment Services,45381.95,IT-EQ-610,TRUE,Capital/Special Review,Closed,2026-03-24,2026-03-28,2026-03-31,2026-04-17,26,No Exception,Medium,Received,Payment Pending
PR-2026-0082,2026-03-23,Logistics,Procurement Assistant,Fuel/Operations Supply,Dockside operations tool replenishment,EastCove Fuel Services,584.92,LOG-FRT-420,TRUE,Department Manager,On Hold,2026-03-24,,,,1,Missing Quote,High,Not Ordered,On Hold
PR-2026-0083,2026-03-24,Vessel Operations,Vessel Operations Coordinator,Fuel/Operations Supply,Mooring line replacement coil,RedMoor Operations Supply,3361.15,VO-MAINT-120,TRUE,Department Manager + Finance,PO Created,2026-03-28,2026-03-31,2026-04-02,,9,No Exception,Low,Ordered,Invoice Received
PR-2026-0084,2026-03-25,Maintenance,Operations Supervisor,Safety Equipment,Cold weather grip cleats,RedMoor Operations Supply,771.99,MAINT-REP-210,TRUE,Department Manager,PO Created,2026-03-27,,2026-03-30,,5,No Exception,Medium,Ordered,Invoice Received
PR-2026-0085,2026-03-26,IT,Procurement Assistant,Vendor Service,Quote validation support service,Cabotline Maintenance,636.17,TEMP-000,FALSE,Department Manager,Pending Finance Review,2026-03-28,,,,2,Missing Budget Code,Medium,Not Ordered,On Hold
PR-2026-0086,2026-03-27,Vessel Operations,Procurement Assistant,Safety Equipment,Cold weather grip cleats,Lighthouse Procurement Services,162.39,VO-MAINT-120,TRUE,Department Manager,Pending Procurement Review,2026-03-31,,,,4,Invalid Vendor,Medium,Not Ordered,On Hold
PR-2026-0087,2026-03-28,Maintenance,Procurement Assistant,Parts,Hydraulic hose replacement kit,BlueKeel Marine Parts,858.63,MAINT-REP-210,TRUE,Department Manager,Closed,2026-03-31,,2026-04-02,2026-04-20,23,No Exception,Medium,Received,Paid
PR-2026-0088,2026-03-29,Logistics,Procurement Assistant,Vendor Service,Preferred vendor rate review,Quaymark Repair Services,932.18,LOG-DCK-430,TRUE,Department Manager,Closed,2026-04-01,,2026-04-02,2026-04-16,18,No Exception,Low,Received,Paid
PR-2026-0089,2026-03-30,IT,Procurement Assistant,Office/Admin,Pilot training room supplies,Avalon Quay Office Supply,1383.56,IT-SUP-620,TRUE,Department Manager + Finance,PO Created,2026-03-31,2026-04-01,2026-04-04,,5,No Exception,Medium,Ordered,Invoice Received
PR-2026-0090,2026-03-31,IT,Procurement Assistant,IT Equipment,Dock office network switch,SignalCove Electronics,42127.76,IT-EQ-610,TRUE,Capital/Special Review,Received,2026-04-02,2026-04-06,2026-04-11,2026-04-20,20,No Exception,Medium,Received,Payment Pending
PR-2026-0091,2026-04-01,Finance,Procurement Assistant,Vendor Service,Vendor setup review support,Quaymark Repair Services,890.55,FIN-OPS-700,TRUE,Department Manager,Pending Procurement Review,2026-04-05,,,,4,Missing Quote,High,Not Ordered,On Hold
PR-2026-0092,2026-04-02,Safety,Safety Coordinator,Office/Admin,Operations office stationery order,AdminCove Business Services,27873.49,SAFE-PPE-300,TRUE,Capital/Special Review,Received,2026-04-04,2026-04-06,2026-04-10,2026-04-17,15,No Exception,High,Received,Invoice Received
PR-2026-0093,2026-04-03,Vessel Operations,Operations Supervisor,Fuel/Operations Supply,Operations lubricant restock,EastCove Fuel Services,2196.83,VO-OPS-100,TRUE,Department Manager + Finance,Closed,2026-04-04,2026-04-08,2026-04-09,2026-04-20,17,No Exception,Low,Received,Paid
PR-2026-0094,2026-04-04,Maintenance,Maintenance Lead,Vendor Service,After hours service call coverage,Dockspan Equipment Services,8625.48,MAINT-REP-210,TRUE,Department Manager + Finance,Pending Finance Review,2026-04-07,,,,3,No Exception,Medium,Not Ordered,Not Invoiced
PR-2026-0095,2026-04-05,Logistics,Logistics Coordinator,Vendor Service,Dockside equipment inspection service,Cabotline Maintenance,20257.74,LOG-FUEL-410,TRUE,Capital/Special Review,Rejected,,,,,5,Duplicate Request,Low,Cancelled,On Hold
PR-2026-0096,2026-04-06,Vessel Operations,Procurement Assistant,Repair Service,Vendor repair service for loading equipment,NorthPier Dockworks,14357.55,VO-MAINT-120,TRUE,Department Manager + Finance + Executive Sponsor,Partially Received,2026-04-09,2026-04-11,2026-04-13,,7,No Exception,Medium,Partially Received,On Hold
PR-2026-0097,2026-04-07,Safety,Operations Supervisor,Vendor Service,Specialized lifting equipment rental,Cabotline Maintenance,176.10,SAFE-RESP-330,TRUE,Department Manager,Partially Received,2026-04-10,,2026-04-13,2026-04-24,17,No Exception,Low,Partially Received,Invoice Received
PR-2026-0098,2026-04-08,Logistics,Operations Supervisor,Parts,Engine room gasket set,FogBank Industrial Supply,18950.18,LOG-FUEL-410,TRUE,Department Manager + Finance + Executive Sponsor,PO Created,2026-04-09,2026-04-13,2026-04-15,,7,No Exception,Medium,Ordered,Invoice Received
PR-2026-0099,2026-04-09,Maintenance,Procurement Assistant,Safety Equipment,Confined space gas monitor calibration,FogBank Industrial Supply,21503.55,MAINT-SVC-230,TRUE,Department Manager + Finance + Executive Sponsor,Closed,2026-04-11,2026-04-13,2026-04-17,2026-05-05,26,Amount Over Threshold,High,Received,Matched
PR-2026-0100,2026-04-10,Vessel Operations,Vessel Operations Coordinator,Parts,Winch control switch assembly,RedMoor Operations Supply,4196.13,VO-OPS-100,TRUE,Department Manager + Finance,Partially Received,2026-04-13,2026-04-16,2026-04-20,,10,No Exception,High,Partially Received,Payment Pending
PR-2026-0101,2026-04-11,Logistics,Logistics Coordinator,Vendor Service,Dockside equipment inspection service,Cabotline Maintenance,20393.56,LOG-FUEL-410,TRUE,Capital/Special Review,Pending Procurement Review,2026-04-13,2026-04-14,,,3,Duplicate Request,Low,Not Ordered,On Hold
PR-2026-0102,2026-04-12,Maintenance,Maintenance Lead,Parts,Fuel line fitting kit,Bayspan Hydraulics,334.00,MAINT-REP-210,TRUE,Department Manager,PO Created,2026-04-15,,2026-04-19,,7,No Exception,High,Ordered,Not Invoiced
PR-2026-0103,2026-04-13,Vessel Operations,Vessel Operations Coordinator,Repair Service,Preventive maintenance for dockside compressor,Dockspan Equipment Services,444.78,VO-OPS-100,TRUE,Department Manager,Received,2026-04-14,,2026-04-17,2026-04-26,13,No Exception,Low,Received,Payment Pending
PR-2026-0104,2026-04-14,Maintenance,Maintenance Lead,Fuel/Operations Supply,Winter deicing supply order,FogBank Industrial Supply,422.24,MAINT-ERR-999,FALSE,Department Manager,Pending Finance Review,2026-04-17,,,,3,Missing Budget Code,High,Not Ordered,On Hold
PR-2026-0105,2026-04-15,Logistics,Procurement Assistant,Repair Service,Dock door repair service,NorthPier Dockworks,5267.75,LOG-FRT-420,TRUE,Department Manager + Finance,Rejected,,,,,4,Duplicate Request,Medium,Cancelled,On Hold
PR-2026-0106,2026-04-16,Safety,Safety Coordinator,Safety Equipment,Fall arrest lanyard set,Tidewatch Safety Systems,2649.75,SAFE-EQ-320,TRUE,Department Manager + Finance,Pending Procurement Review,2026-04-19,2026-04-23,,,7,Missing Quote,Medium,Not Ordered,On Hold
PR-2026-0107,2026-04-17,Vessel Operations,Procurement Assistant,Repair Service,Bilge alarm troubleshooting service,NorthPier Dockworks,22859.49,VO-SAFE-130,TRUE,Department Manager + Finance + Executive Sponsor,Received,2026-04-21,2026-04-24,2026-04-28,2026-05-03,16,No Exception,Low,Received,Invoice Received
PR-2026-0108,2026-04-18,Vessel Operations,Operations Supervisor,Safety Equipment,Emergency spill response supplies,Northline Shield Gear,931.73,VO-OPS-100,TRUE,Emergency Safety Exception,PO Created,2026-04-20,2026-04-23,2026-04-24,,6,Urgent Safety Purchase,Emergency,Ordered,Invoice Received
PR-2026-0109,2026-04-19,Safety,Procurement Assistant,Vendor Service,Vendor setup review support,NorthPier Dockworks,2108.96,SAFE-EQ-320,TRUE,Department Manager + Finance,Pending Procurement Review,2026-04-20,2026-04-21,,,2,No Exception,Medium,Not Ordered,Not Invoiced
PR-2026-0110,2026-04-20,Vessel Operations,Vessel Operations Coordinator,Parts,Marine battery isolation parts,RedMoor Operations Supply,384.15,VO-MAINT-120,TRUE,Department Manager,Closed,2026-04-23,,2026-04-26,2026-05-11,21,No Exception,Low,Received,Matched
PR-2026-0111,2026-04-21,Maintenance,Procurement Assistant,Parts,Deck crane seal pack,BlueKeel Marine Parts,4919.31,,FALSE,Department Manager + Finance,On Hold,,,,,10,Missing Budget Code,Medium,Not Ordered,On Hold
PR-2026-0112,2026-04-22,Maintenance,Maintenance Lead,Parts,Deck crane seal pack,FogBank Industrial Supply,647.21,MAINT-SVC-230,TRUE,Department Manager,PO Created,2026-04-26,,2026-04-29,,7,No Exception,Low,Ordered,Not Invoiced
PR-2026-0113,2026-04-23,Maintenance,Procurement Assistant,Parts,Dock ramp hinge hardware,BlueKeel Marine Parts,805.92,MAINT-REP-210,TRUE,Department Manager,Pending Manager Approval,,,,,7,No Exception,Low,Not Ordered,Not Invoiced
PR-2026-0114,2026-04-24,Logistics,Operations Supervisor,Fuel/Operations Supply,Deck washdown supply kit,FogBank Industrial Supply,854.16,LOG-DCK-430,TRUE,Department Manager,Approved,2026-04-27,,,,3,No Exception,Medium,Not Ordered,Not Invoiced
PR-2026-0115,2026-04-25,Administration,Administrative Coordinator,Office/Admin,Document scanner replacement,Lighthouse Procurement Services,931.82,,FALSE,Department Manager,Pending Finance Review,2026-04-27,,,,2,Missing Budget Code,Medium,Not Ordered,On Hold
PR-2026-0116,2026-04-26,Maintenance,Maintenance Lead,Repair Service,Deck winch diagnostic service,NorthPier Dockworks,39532.21,MAINT-REP-210,TRUE,Capital/Special Review,PO Created,2026-04-27,2026-04-28,2026-05-01,,5,No Exception,Low,Ordered,Invoice Received
PR-2026-0117,2026-04-27,Logistics,Operations Supervisor,Repair Service,Ramp surface repair service,Dockspan Equipment Services,14149.21,LOG-DCK-430,TRUE,Department Manager + Finance + Executive Sponsor,PO Created,2026-04-30,2026-05-01,2026-05-02,,5,Delayed Vendor Response,Medium,Delayed,Not Invoiced
PR-2026-0118,2026-04-28,Logistics,Procurement Assistant,Repair Service,Dock door repair service,NorthPier Dockworks,5424.46,LOG-FRT-420,TRUE,Department Manager + Finance,On Hold,2026-05-02,,,,4,Duplicate Request,Medium,Not Ordered,On Hold
PR-2026-0119,2026-04-29,Administration,Administrative Coordinator,Vendor Service,Temporary labour support for receiving,Lighthouse Procurement Services,273.84,ADMIN-OFF-500,TRUE,Department Manager,Pending Procurement Review,2026-04-30,,,,1,Invalid Vendor,Medium,Not Ordered,On Hold
PR-2026-0120,2026-04-30,Administration,Administrative Coordinator,Office/Admin,Visitor badge printer supplies,AdminCove Business Services,735.47,ADMIN-OFF-500,TRUE,Department Manager,Received,2026-05-03,,2026-05-06,2026-05-09,9,No Exception,Low,Received,Matched
PR-2026-0121,2026-05-01,Logistics,Procurement Assistant,Parts,Fuel line fitting kit,Bayspan Hydraulics,9070.36,LOG-DCK-430,TRUE,Department Manager + Finance,Pending Finance Review,2026-05-04,,,,3,No Exception,Medium,Not Ordered,Not Invoiced
PR-2026-0122,2026-05-02,Administration,Administrative Coordinator,Office/Admin,Finance review filing supplies,Lighthouse Procurement Services,289.28,,FALSE,Department Manager,Pending Manager Approval,,,,,3,Missing Budget Code,Medium,Not Ordered,On Hold
PR-2026-0123,2026-05-03,Logistics,Procurement Assistant,Repair Service,Crane control panel repair,NorthPier Dockworks,34307.19,LOG-DCK-430,TRUE,Emergency Safety Exception,Approved,2026-05-07,2026-05-09,,,6,Urgent Safety Purchase,Emergency,Not Ordered,Not Invoiced
PR-2026-0124,2026-05-04,Vessel Operations,Operations Supervisor,Fuel/Operations Supply,Portable generator fuel cans,NorthPier Dockworks,375.33,VO-SAFE-130,TRUE,Department Manager,Received,2026-05-06,,2026-05-11,2026-05-17,13,No Exception,Low,Received,Payment Pending
PR-2026-0125,2026-05-05,Safety,Safety Coordinator,Vendor Service,Quote validation support service,Dockspan Equipment Services,2604.93,MAINT-ERR-999,FALSE,Department Manager + Finance,Submitted,,,,,1,Missing Budget Code,High,Not Ordered,On Hold
PR-2026-0126,2026-05-06,Vessel Operations,Procurement Assistant,Repair Service,Bilge alarm troubleshooting service,Quaymark Repair Services,12528.36,VO-OPS-100,TRUE,Emergency Safety Exception,Approved,2026-05-07,2026-05-09,,,3,Urgent Safety Purchase,Emergency,Not Ordered,Not Invoiced
PR-2026-0127,2026-05-07,Safety,Safety Coordinator,Repair Service,Hydraulic lift inspection service,Quaymark Repair Services,30240.91,SAFE-RESP-330,TRUE,Emergency Safety Exception,Approved,2026-05-09,2026-05-11,,,4,Urgent Safety Purchase,Emergency,Not Ordered,Not Invoiced
PR-2026-0128,2026-05-08,Safety,Procurement Assistant,Office/Admin,Operations office stationery order,Lighthouse Procurement Services,12550.14,,FALSE,Department Manager + Finance + Executive Sponsor,Pending Finance Review,2026-05-10,,,,2,Missing Budget Code,Medium,Not Ordered,On Hold
PR-2026-0129,2026-05-09,Safety,Safety Coordinator,Office/Admin,Meeting room speaker replacement,Lighthouse Procurement Services,19295.68,SAFE-RESP-330,TRUE,Department Manager + Finance + Executive Sponsor,Partially Received,2026-05-13,2026-05-17,2026-05-22,,13,No Exception,Medium,Partially Received,Invoice Received
PR-2026-0130,2026-05-10,Logistics,Operations Supervisor,Parts,Saltwater pump impeller set,FogBank Industrial Supply,623.86,LOG-DCK-430,TRUE,Department Manager,PO Created,2026-05-14,,2026-05-17,,7,No Exception,Low,Ordered,Not Invoiced
PR-2026-0131,2026-05-11,Administration,Procurement Assistant,Vendor Service,Temporary labour support for receiving,Lighthouse Procurement Services,6235.86,ADMIN-OFF-500,TRUE,Department Manager + Finance,Rejected,,,,,6,Invalid Vendor,High,Cancelled,On Hold
PR-2026-0132,2026-05-12,Vessel Operations,Procurement Assistant,Safety Equipment,Dockside safety harnesses,Northline Shield Gear,5131.85,VO-SAFE-130,TRUE,Department Manager + Finance,Pending Manager Approval,,,,,6,No Exception,Medium,Not Ordered,Not Invoiced
PR-2026-0133,2026-05-13,Safety,Procurement Assistant,Vendor Service,Vendor setup review support,Lighthouse Procurement Services,828.07,SAFE-RESP-330,TRUE,Department Manager,Pending Procurement Review,2026-05-15,,,,2,Missing Quote,High,Not Ordered,On Hold
PR-2026-0134,2026-05-14,Logistics,Procurement Assistant,Vendor Service,Pilot workflow training support,Dockspan Equipment Services,895.33,LOG-FUEL-410,TRUE,Department Manager,Received,2026-05-15,,2026-05-16,2026-05-27,13,No Exception,Low,Received,Payment Pending
PR-2026-0135,2026-05-15,Maintenance,Operations Supervisor,Repair Service,Ramp surface repair service,NorthPier Dockworks,898.98,MAINT-PART-220,TRUE,Emergency Safety Exception,PO Created,2026-05-19,2026-05-20,2026-05-23,,8,Urgent Safety Purchase,Emergency,Ordered,Not Invoiced
PR-2026-0136,2026-05-16,IT,Procurement Assistant,Office/Admin,Meeting room speaker replacement,AdminCove Business Services,9549.46,OLD-BUD-999,FALSE,Department Manager + Finance,Pending Manager Approval,,,,,6,Missing Budget Code,Low,Not Ordered,On Hold
PR-2026-0137,2026-05-17,Vessel Operations,Operations Supervisor,Parts,Dock ramp hinge hardware,Bayspan Hydraulics,849.30,VO-OPS-100,TRUE,Department Manager,Partially Received,2026-05-21,,2026-05-22,,5,Delayed Vendor Response,Medium,Delayed,On Hold
PR-2026-0138,2026-05-18,Vessel Operations,Operations Supervisor,Parts,Dock ramp hinge hardware,Bayspan Hydraulics,7692.60,VO-SAFE-130,TRUE,Department Manager + Finance,PO Created,2026-05-19,2026-05-21,2026-05-25,,7,No Exception,Low,Ordered,Invoice Received
PR-2026-0139,2026-05-19,IT,IT Support Analyst,Office/Admin,Whiteboard supplies for rollout room,Avalon Quay Office Supply,198.46,IT-EQ-610,TRUE,Department Manager,Received,2026-05-22,,2026-05-25,2026-06-05,17,No Exception,Low,Received,Invoice Received
PR-2026-0140,2026-05-20,Administration,Administrative Coordinator,Office/Admin,Finance review filing supplies,Lighthouse Procurement Services,1734.74,ADMIN-SVC-520,TRUE,Department Manager + Finance,Pending Procurement Review,2026-05-24,2026-05-27,,,7,Invalid Vendor,Medium,Not Ordered,On Hold
PR-2026-0141,2026-05-21,IT,IT Support Analyst,Vendor Service,Quote validation support service,Dockspan Equipment Services,595.63,IT-EQ-610,TRUE,Department Manager,Closed,2026-05-23,,2026-05-24,2026-06-07,17,No Exception,Low,Received,Payment Pending
PR-2026-0142,2026-05-22,Administration,Procurement Assistant,Vendor Service,Vendor setup review support,Cabotline Maintenance,10235.48,ADMIN-SVC-520,TRUE,Department Manager + Finance + Executive Sponsor,Approved,2026-05-26,2026-05-27,,,5,No Exception,High,Not Ordered,Not Invoiced
PR-2026-0143,2026-05-23,Maintenance,Maintenance Lead,Fuel/Operations Supply,Deck washdown supply kit,EastCove Fuel Services,3160.95,OLD-BUD-999,FALSE,Department Manager + Finance,Submitted,,,,,1,Missing Budget Code,Medium,Not Ordered,On Hold
PR-2026-0144,2026-05-24,Safety,Safety Coordinator,Safety Equipment,Dockside safety harnesses,Northline Shield Gear,643.95,SAFE-RESP-330,TRUE,Emergency Safety Exception,PO Created,2026-05-28,2026-06-01,2026-06-03,,10,Urgent Safety Purchase,Emergency,Ordered,Invoice Received
PR-2026-0145,2026-05-25,Maintenance,Maintenance Lead,Parts,Saltwater pump impeller set,Bayspan Hydraulics,746.58,TEMP-000,FALSE,Department Manager,Pending Finance Review,2026-05-26,,,,1,Missing Budget Code,Medium,Not Ordered,On Hold
PR-2026-0146,2026-05-26,Administration,Procurement Assistant,Vendor Service,Specialized lifting equipment rental,Dockspan Equipment Services,304.14,ADMIN-OFF-500,TRUE,Department Manager,On Hold,2026-05-30,,,,4,Delayed Vendor Response,Medium,Delayed,On Hold
PR-2026-0147,2026-05-27,Vessel Operations,Operations Supervisor,Safety Equipment,Cold weather grip cleats,FogBank Industrial Supply,3304.61,VO-OPS-100,TRUE,Department Manager + Finance,PO Created,2026-05-28,2026-05-31,2026-06-04,,8,Delayed Vendor Response,High,Delayed,Not Invoiced
PR-2026-0148,2026-05-28,Maintenance,Maintenance Lead,Repair Service,Preventive maintenance for dockside compressor,Lighthouse Procurement Services,530.97,MAINT-REP-210,TRUE,Department Manager,Rejected,,,,,1,Invalid Vendor,Medium,Cancelled,On Hold
PR-2026-0149,2026-05-29,Safety,Safety Coordinator,Office/Admin,Document scanner replacement,AdminCove Business Services,529.50,,FALSE,Department Manager,Pending Finance Review,2026-05-31,,,,2,Missing Budget Code,Medium,Not Ordered,On Hold
PR-2026-0150,2026-05-30,IT,IT Support Analyst,Office/Admin,Printer toner and paper restock,Lighthouse Procurement Services,143.89,OLD-BUD-999,FALSE,Department Manager,Pending Manager Approval,,,,,7,Missing Budget Code,Low,Not Ordered,On Hold
PR-2026-0151,2026-05-31,Vessel Operations,Vessel Operations Coordinator,Parts,Winch control switch assembly,FogBank Industrial Supply,3374.83,VO-OPS-100,TRUE,Department Manager + Finance,Pending Manager Approval,,,,,5,No Exception,Medium,Not Ordered,Not Invoiced
PR-2026-0152,2026-06-01,Logistics,Procurement Assistant,Repair Service,Crane control panel repair,Lighthouse Procurement Services,750.75,LOG-FRT-420,TRUE,Department Manager,Rejected,,,,,4,Invalid Vendor,Medium,Cancelled,On Hold
PR-2026-0153,2026-06-02,Maintenance,Procurement Assistant,Safety Equipment,Emergency spill response supplies,FogBank Industrial Supply,891.66,MAINT-PART-220,TRUE,Department Manager,Pending Manager Approval,,,,,6,No Exception,Low,Not Ordered,Not Invoiced
PR-2026-0154,2026-06-03,Logistics,Logistics Coordinator,Parts,Winch control switch assembly,FogBank Industrial Supply,2476.75,,FALSE,Department Manager + Finance,Pending Manager Approval,,,,,8,Missing Budget Code,Low,Not Ordered,On Hold
PR-2026-0155,2026-06-04,Logistics,Operations Supervisor,Fuel/Operations Supply,Engine coolant drum,FogBank Industrial Supply,1514.72,VO-MISC-999,FALSE,Department Manager + Finance,Draft,,,,,,Missing Budget Code,High,Not Ordered,On Hold
PR-2026-0156,2026-06-05,Administration,Administrative Coordinator,Vendor Service,Quote validation support service,Lighthouse Procurement Services,1420.60,VO-MISC-999,FALSE,Department Manager + Finance,Submitted,,,,,1,Missing Budget Code,High,Not Ordered,On Hold
PR-2026-0157,2026-06-06,Logistics,Operations Supervisor,Repair Service,Emergency repair for vessel generator,Dockspan Equipment Services,4010.15,LOG-FRT-420,TRUE,Department Manager + Finance,On Hold,2026-06-08,,,,2,Delayed Vendor Response,Medium,Delayed,On Hold
PR-2026-0158,2026-06-07,Maintenance,Operations Supervisor,Parts,Fuel line fitting kit,BlueKeel Marine Parts,13029.74,MAINT-SVC-230,TRUE,Department Manager + Finance + Executive Sponsor,Approved,2026-06-10,2026-06-11,,,4,Amount Over Threshold,Medium,Not Ordered,Not Invoiced
PR-2026-0159,2026-06-08,Vessel Operations,Operations Supervisor,Safety Equipment,Winter PPE restock,Northline Shield Gear,7119.06,VO-OPS-100,TRUE,Department Manager + Finance,PO Created,2026-06-11,2026-06-15,2026-06-18,,10,Delayed Vendor Response,High,Delayed,Not Invoiced
PR-2026-0160,2026-06-09,Maintenance,Operations Supervisor,Fuel/Operations Supply,Fuel transfer pump service,FogBank Industrial Supply,4503.48,MAINT-PART-220,TRUE,Department Manager + Finance,Submitted,,,,,1,No Exception,Low,Not Ordered,Not Invoiced
PR-2026-0161,2026-06-10,Vessel Operations,Procurement Assistant,Parts,Marine battery isolation parts,FogBank Industrial Supply,7086.17,,FALSE,Department Manager + Finance,Draft,,,,,,Missing Budget Code,Medium,Not Ordered,On Hold
PR-2026-0162,2026-06-11,Safety,Safety Coordinator,Vendor Service,Specialized lifting equipment rental,NorthPier Dockworks,3715.66,SAFE-EQ-320,TRUE,Department Manager + Finance,Pending Procurement Review,2026-06-14,2026-06-15,,,4,Missing Quote,High,Not Ordered,On Hold
PR-2026-0163,2026-06-12,Vessel Operations,Procurement Assistant,Fuel/Operations Supply,Temporary heating fuel supply,NorthPier Dockworks,6471.85,,FALSE,Department Manager + Finance,Draft,,,,,,Missing Budget Code,Medium,Not Ordered,On Hold
PR-2026-0164,2026-06-13,Maintenance,Operations Supervisor,Safety Equipment,Fire extinguisher inspection tags,FogBank Industrial Supply,1071.29,MAINT-SVC-230,TRUE,Department Manager + Finance,Pending Finance Review,2026-06-15,,,,2,No Exception,Low,Not Ordered,Not Invoiced
PR-2026-0165,2026-06-14,Safety,Operations Supervisor,Safety Equipment,Dockside safety harnesses,Tidewatch Safety Systems,1617.28,SAFE-RESP-330,TRUE,Department Manager + Finance,Pending Manager Approval,,,,,8,No Exception,Low,Not Ordered,Not Invoiced
PR-2026-0166,2026-06-15,Vessel Operations,Vessel Operations Coordinator,Parts,Engine room gasket set,RedMoor Operations Supply,11298.27,VO-MAINT-120,TRUE,Department Manager + Finance + Executive Sponsor,PO Created,2026-06-19,2026-06-20,2026-06-24,,9,No Exception,Medium,Ordered,Invoice Received
PR-2026-0167,2026-06-17,Logistics,Logistics Coordinator,Vendor Service,Annual inspection vendor service,Lighthouse Procurement Services,2657.73,LOG-FUEL-410,TRUE,Department Manager + Finance,Draft,,,,,,No Exception,Medium,Not Ordered,Not Invoiced
PR-2026-0168,2026-06-18,Maintenance,Procurement Assistant,Vendor Service,Quote validation support service,Quaymark Repair Services,644.74,,FALSE,Department Manager,Pending Finance Review,2026-06-22,,,,4,Missing Budget Code,Medium,Not Ordered,On Hold
PR-2026-0169,2026-06-19,Maintenance,Procurement Assistant,Parts,Dock ramp hinge hardware,BlueKeel Marine Parts,594.81,MAINT-REP-210,TRUE,Department Manager,Partially Received,2026-06-20,,2026-06-25,,6,Delayed Vendor Response,Medium,Delayed,On Hold
PR-2026-0170,2026-06-20,Maintenance,Operations Supervisor,Parts,Deck crane seal pack,RedMoor Operations Supply,22026.36,MAINT-REP-210,TRUE,Department Manager + Finance + Executive Sponsor,Pending Manager Approval,,,,,8,No Exception,Low,Not Ordered,Not Invoiced
PR-2026-0171,2026-06-21,Safety,Procurement Assistant,Vendor Service,Quote validation support service,Dockspan Equipment Services,564.57,SAFE-EQ-320,TRUE,Department Manager,Draft,,,,,,No Exception,Low,Not Ordered,Not Invoiced
PR-2026-0172,2026-06-22,Maintenance,Procurement Assistant,Repair Service,Bilge alarm troubleshooting service,Cabotline Maintenance,256.61,,FALSE,Department Manager,Submitted,,,,,1,Missing Budget Code,Medium,Not Ordered,On Hold
PR-2026-0173,2026-06-23,IT,IT Support Analyst,IT Equipment,Wireless access point for maintenance shop,SignalCove Electronics,4622.08,IT-SUP-620,TRUE,Department Manager + Finance,PO Created,2026-06-27,2026-07-01,2026-07-05,,12,No Exception,Medium,Ordered,Not Invoiced
PR-2026-0174,2026-06-24,Logistics,Operations Supervisor,Fuel/Operations Supply,Operations lubricant restock,RedMoor Operations Supply,6424.71,LOG-FRT-420,TRUE,Department Manager + Finance,Pending Manager Approval,,,,,8,No Exception,Medium,Not Ordered,Not Invoiced
PR-2026-0175,2026-06-25,Maintenance,Maintenance Lead,Parts,Hydraulic hose replacement kit,FogBank Industrial Supply,7844.79,,FALSE,Department Manager + Finance,Submitted,,,,,1,Missing Budget Code,Medium,Not Ordered,On Hold
PR-2026-0176,2026-06-26,IT,IT Support Analyst,IT Equipment,Two factor token batch for pilot users,Lighthouse Procurement Services,4096.27,IT-EQ-610,TRUE,Department Manager + Finance,Submitted,,,,,1,No Exception,Medium,Not Ordered,Not Invoiced
PR-2026-0177,2026-06-27,Vessel Operations,Procurement Assistant,Safety Equipment,Confined space gas monitor calibration,Northline Shield Gear,663.86,VO-OPS-100,TRUE,Department Manager,Submitted,,,,,1,No Exception,High,Not Ordered,Not Invoiced
PR-2026-0178,2026-06-28,Vessel Operations,Procurement Assistant,Safety Equipment,Dockside safety harnesses,FogBank Industrial Supply,4585.76,VO-MAINT-120,TRUE,Emergency Safety Exception,Approved,2026-07-02,2026-07-04,,,6,Urgent Safety Purchase,Emergency,Not Ordered,Not Invoiced
PR-2026-0179,2026-06-29,Administration,Procurement Assistant,Office/Admin,Whiteboard supplies for rollout room,AdminCove Business Services,443.59,ADMIN-OFF-500,TRUE,Department Manager,Approved,2026-07-02,,,,3,No Exception,Low,Not Ordered,Not Invoiced
PR-2026-0180,2026-06-30,Logistics,Procurement Assistant,Repair Service,Fuel transfer pump service,Quaymark Repair Services,15708.92,,FALSE,Department Manager + Finance + Executive Sponsor,Pending Manager Approval,,,,,4,Missing Budget Code,Medium,Not Ordered,On Hold
